{
  "IcoMoonType": "selection",
  "icons": [
    {
      "icon": {
        "paths": [
          "M872.405 872.619h-151.637v-237.611c0-56.661-1.152-129.579-79.019-129.579-79.061 0-91.136 61.653-91.136 125.397v241.792h-151.637v-488.619h145.664v66.603h1.963c20.352-38.4 69.845-78.933 143.787-78.933 153.643 0 182.059 101.12 182.059 232.747zM227.712 317.141c-48.811 0-88.021-39.509-88.021-88.107 0-48.555 39.253-88.021 88.021-88.021 48.64 0 88.064 39.467 88.064 88.021 0 48.597-39.467 88.107-88.064 88.107zM303.744 872.619h-152.064v-488.619h152.064zM948.267 0h-872.704c-41.771 0-75.563 33.024-75.563 73.771v876.459c0 40.789 33.792 73.771 75.563 73.771h872.576c41.728 0 75.861-32.981 75.861-73.771v-876.459c0-40.747-34.133-73.771-75.861-73.771z"
        ],
        "attrs": [
          {
            "fill": "rgb(0, 119, 181)"
          }
        ],
        "isMulticolor": false,
        "isMulticolor2": false,
        "tags": [
          "linkedin"
        ],
        "grid": 0
      },
      "attrs": [
        {
          "fill": "rgb(0, 119, 181)"
        }
      ],
      "properties": {
        "order": 1,
        "id": 0,
        "prevSize": 32,
        "name": "linkedin"
      },
      "setIdx": 0,
      "setId": 2,
      "iconIdx": 0
    }
  ],
  "height": 1024,
  "preferences": {
    "showGlyphs": true,
    "showQuickUse": true,
    "showQuickUse2": true,
    "showSVGs": true,
    "fontPref": {
      "prefix": "icon-",
      "metadata": {
        "fontFamily": "icomoon"
      },
      "metrics": {
        "emSize": 1024,
        "baseline": 6.25,
        "whitespace": 50
      },
      "embed": false
    },
    "imagePref": {
      "prefix": "icon-",
      "png": true,
      "useClassSelector": true,
      "color": 0,
      "bgColor": 16777215,
      "classSelector": ".icon",
      "name": "icomoon"
    },
    "historySize": 50,
    "showCodes": true,
    "gridSize": 16
  }
}